{
  "properties": {
    "connectionReferences": {
      "shared_commondataserviceforapps": {
        "impersonation": {},
        "runtimeSource": "embedded",
        "connection": {
          "connectionReferenceLogicalName": "cr26f_sharedcommondataserviceforapps_0f749"
        },
        "api": {
          "name": "shared_commondataserviceforapps"
        }
      }
    },
    "definition": {
      "$schema": "https://schema.management.azure.com/providers/Microsoft.Logic/schemas/2016-06-01/workflowdefinition.json#",
      "contentVersion": "1.0.0.0",
      "parameters": {
        "$connections": {
          "defaultValue": {},
          "type": "Object"
        },
        "$authentication": {
          "defaultValue": {},
          "type": "SecureObject"
        }
      },
      "triggers": {
        "manual": {
          "metadata": {
            "operationMetadataId": "0c04f95a-8e16-48ab-8c04-a5b54a77c910"
          },
          "type": "Request",
          "kind": "Http",
          "inputs": {
            "schema": {
              "type": "object",
              "properties": {
                "table": {
                  "type": "string"
                },
                "DName": {
                  "type": "string"
                },
                "IDDevice": {
                  "type": "integer",
                  "format": "int32"
                },
                "Address": {
                  "type": "string"
                },
                "Email": {
                  "type": "string"
                }
              }
            },
            "triggerAuthenticationType": "All"
          }
        }
      },
      "actions": {
        "List_rows": {
          "runAfter": {},
          "metadata": {
            "operationMetadataId": "ab8817c8-5ebc-4d58-b928-01ee18906e0a"
          },
          "type": "OpenApiConnection",
          "inputs": {
            "host": {
              "apiId": "/providers/Microsoft.PowerApps/apis/shared_commondataserviceforapps",
              "connectionName": "shared_commondataserviceforapps",
              "operationId": "ListRecords"
            },
            "parameters": {
              "entityName": "contacts",
              "$filter": "emailaddress1 eq '@{triggerBody()?['Email']}'"
            },
            "authentication": "@parameters('$authentication')"
          }
        },
        "Condition": {
          "actions": {
            "Apply_to_each": {
              "foreach": "@outputs('List_rows')?['body/value']",
              "actions": {
                "Add_a_new_row": {
                  "runAfter": {},
                  "metadata": {
                    "operationMetadataId": "e8a2adbb-58d4-4ad0-b40f-6f6a110fd83a"
                  },
                  "type": "OpenApiConnection",
                  "inputs": {
                    "host": {
                      "apiId": "/providers/Microsoft.PowerApps/apis/shared_commondataserviceforapps",
                      "connectionName": "shared_commondataserviceforapps",
                      "operationId": "CreateRecord"
                    },
                    "parameters": {
                      "entityName": "cr26f_devices",
                      "item/cr26f_address": "@triggerBody()?['Address']",
                      "item/cr26f_devicename": "@triggerBody()?['DName']",
                      "item/cr26f_iddevice": "@triggerBody()?['IDDevice']",
                      "item/cr26f_Contact@odata.bind": "@items('Apply_to_each')?['@odata.id']"
                    },
                    "authentication": "@parameters('$authentication')"
                  }
                }
              },
              "runAfter": {},
              "metadata": {
                "operationMetadataId": "806e7db1-0ecb-483e-a8c8-3f19f5d382d9"
              },
              "type": "Foreach"
            }
          },
          "runAfter": {
            "List_rows_2": [
              "Succeeded"
            ]
          },
          "expression": {
            "and": [
              {
                "greater": [
                  "@length(outputs('List_rows')?['body/value'])",
                  0
                ]
              },
              {
                "equals": [
                  "@length(outputs('List_rows_2')?['body/value'])",
                  0
                ]
              }
            ]
          },
          "metadata": {
            "operationMetadataId": "99ab2839-1095-4428-9498-7b354b904efe"
          },
          "type": "If"
        },
        "List_rows_2": {
          "runAfter": {
            "List_rows": [
              "Succeeded"
            ]
          },
          "metadata": {
            "operationMetadataId": "e87f35d1-defc-4358-a8d4-347972d040a1"
          },
          "type": "OpenApiConnection",
          "inputs": {
            "host": {
              "apiId": "/providers/Microsoft.PowerApps/apis/shared_commondataserviceforapps",
              "connectionName": "shared_commondataserviceforapps",
              "operationId": "ListRecords"
            },
            "parameters": {
              "entityName": "cr26f_devices",
              "$filter": "cr26f_iddevice eq @{triggerBody()?['IDDevice']}"
            },
            "authentication": "@parameters('$authentication')"
          }
        }
      },
      "outputs": {}
    },
    "templateName": null
  },
  "schemaVersion": "1.0.0.0"
}