{
  "properties": {
    "connectionReferences": {
      "shared_commondataserviceforapps": {
        "impersonation": {},
        "runtimeSource": "embedded",
        "connection": {
          "connectionReferenceLogicalName": "cr26f_sharedcommondataserviceforapps_0f749"
        },
        "api": {
          "name": "shared_commondataserviceforapps"
        }
      }
    },
    "definition": {
      "$schema": "https://schema.management.azure.com/providers/Microsoft.Logic/schemas/2016-06-01/workflowdefinition.json#",
      "contentVersion": "1.0.0.0",
      "parameters": {
        "$connections": {
          "defaultValue": {},
          "type": "Object"
        },
        "$authentication": {
          "defaultValue": {},
          "type": "SecureObject"
        }
      },
      "triggers": {
        "manual": {
          "metadata": {
            "operationMetadataId": "81570711-28e9-49de-a017-28987d7acc0c"
          },
          "type": "Request",
          "kind": "Http",
          "inputs": {
            "schema": {
              "type": "object",
              "properties": {
                "table": {
                  "type": "string"
                },
                "FName": {
                  "type": "string"
                },
                "LName": {
                  "type": "string"
                },
                "Email": {
                  "type": "string"
                },
                "PNumber": {
                  "type": "string"
                }
              }
            },
            "triggerAuthenticationType": "All"
          }
        }
      },
      "actions": {
        "Add_a_new_row": {
          "runAfter": {},
          "metadata": {
            "operationMetadataId": "518d3e43-d3f4-45ff-989f-87783918e8af"
          },
          "type": "OpenApiConnection",
          "inputs": {
            "host": {
              "apiId": "/providers/Microsoft.PowerApps/apis/shared_commondataserviceforapps",
              "connectionName": "shared_commondataserviceforapps",
              "operationId": "CreateRecord"
            },
            "parameters": {
              "entityName": "contacts",
              "item/lastname": "@triggerBody()?['LName']",
              "item/emailaddress1": "@triggerBody()?['Email']",
              "item/firstname": "@triggerBody()?['FName']",
              "item/telephone1": "@triggerBody()?['PNumber']"
            },
            "authentication": "@parameters('$authentication')"
          }
        }
      },
      "outputs": {}
    },
    "templateName": null
  },
  "schemaVersion": "1.0.0.0"
}