{
  "properties": {
    "connectionReferences": {
      "shared_commondataserviceforapps": {
        "impersonation": {},
        "runtimeSource": "embedded",
        "connection": {
          "connectionReferenceLogicalName": "cr26f_sharedcommondataserviceforapps_0f749"
        },
        "api": {
          "name": "shared_commondataserviceforapps"
        }
      }
    },
    "definition": {
      "$schema": "https://schema.management.azure.com/providers/Microsoft.Logic/schemas/2016-06-01/workflowdefinition.json#",
      "contentVersion": "1.0.0.0",
      "parameters": {
        "$connections": {
          "defaultValue": {},
          "type": "Object"
        },
        "$authentication": {
          "defaultValue": {},
          "type": "SecureObject"
        }
      },
      "triggers": {
        "manual": {
          "metadata": {
            "operationMetadataId": "c1f922a3-61f0-423e-b428-86bb058649ab"
          },
          "type": "Request",
          "kind": "Http",
          "inputs": {
            "schema": {
              "type": "object",
              "properties": {
                "table": {
                  "type": "string"
                },
                "ExtractionTime": {
                  "type": "string",
                  "format": "date-time"
                },
                "DText": {
                  "type": "string"
                },
                "IDDevice": {
                  "type": "integer",
                  "format": "int32"
                },
                "DNumber": {
                  "type": "integer",
                  "format": "int32"
                },
                "IDPhoto": {
                  "type": "integer",
                  "format": "int32"
                },
                "IDTesseract": {
                  "type": "integer",
                  "format": "int32"
                }
              }
            },
            "triggerAuthenticationType": "All"
          }
        }
      },
      "actions": {
        "List_rows": {
          "runAfter": {},
          "metadata": {
            "operationMetadataId": "ab8817c8-5ebc-4d58-b928-01ee18906e0a"
          },
          "type": "OpenApiConnection",
          "inputs": {
            "host": {
              "apiId": "/providers/Microsoft.PowerApps/apis/shared_commondataserviceforapps",
              "connectionName": "shared_commondataserviceforapps",
              "operationId": "ListRecords"
            },
            "parameters": {
              "entityName": "cr26f_devices",
              "$filter": "cr26f_iddevice eq @{triggerBody()?['IDDevice']}"
            },
            "authentication": "@parameters('$authentication')"
          }
        },
        "Apply_to_each": {
          "foreach": "@outputs('List_rows')?['body/value']",
          "actions": {
            "Add_a_new_row": {
              "runAfter": {},
              "metadata": {
                "operationMetadataId": "e8a2adbb-58d4-4ad0-b40f-6f6a110fd83a"
              },
              "type": "OpenApiConnection",
              "inputs": {
                "host": {
                  "apiId": "/providers/Microsoft.PowerApps/apis/shared_commondataserviceforapps",
                  "connectionName": "shared_commondataserviceforapps",
                  "operationId": "CreateRecord"
                },
                "parameters": {
                  "entityName": "cr26f_dataextracteds",
                  "item/cr26f_iddevice": "@triggerBody()?['IDDevice']",
                  "item/cr26f_numbervalue": "@triggerBody()?['DNumber']",
                  "item/cr26f_value": "@triggerBody()?['DText']",
                  "item/cr26f_Device@odata.bind": "@items('Apply_to_each')?['@odata.id']",
                  "item/cr26f_extractiontime": "@triggerBody()?['ExtractionTime']",
                  "item/cr26f_photoid": "@triggerBody()?['IDPhoto']",
                  "item/cr26f_tesseractid": "@triggerBody()?['IDTesseract']"
                },
                "authentication": "@parameters('$authentication')"
              }
            }
          },
          "runAfter": {
            "List_rows": [
              "Succeeded"
            ]
          },
          "metadata": {
            "operationMetadataId": "806e7db1-0ecb-483e-a8c8-3f19f5d382d9"
          },
          "type": "Foreach"
        }
      },
      "outputs": {}
    },
    "templateName": null
  },
  "schemaVersion": "1.0.0.0"
}