{
  "properties": {
    "connectionReferences": {
      "shared_commondataserviceforapps": {
        "impersonation": {},
        "runtimeSource": "embedded",
        "connection": {
          "connectionReferenceLogicalName": "cr26f_sharedcommondataserviceforapps_0f749"
        },
        "api": {
          "name": "shared_commondataserviceforapps"
        }
      },
      "shared_office365": {
        "runtimeSource": "embedded",
        "connection": {
          "connectionReferenceLogicalName": "cr26f_sharedoffice365_08dcf"
        },
        "api": {
          "name": "shared_office365"
        }
      }
    },
    "definition": {
      "$schema": "https://schema.management.azure.com/providers/Microsoft.Logic/schemas/2016-06-01/workflowdefinition.json#",
      "contentVersion": "1.0.0.0",
      "parameters": {
        "$connections": {
          "defaultValue": {},
          "type": "Object"
        },
        "$authentication": {
          "defaultValue": {},
          "type": "SecureObject"
        }
      },
      "triggers": {
        "Recurrence": {
          "recurrence": {
            "frequency": "Day",
            "interval": 1,
            "timeZone": "Central Europe Standard Time",
            "startTime": "2024-04-15T18:00:00Z"
          },
          "metadata": {
            "operationMetadataId": "b522cfa6-7e34-42f1-9411-99e0975cb8cc"
          },
          "type": "Recurrence"
        }
      },
      "actions": {
        "Apply_to_each": {
          "foreach": "@outputs('Useri')?['body/value']",
          "actions": {
            "Apply_to_each_2": {
              "foreach": "@outputs('Zariadenia')?['body/value']",
              "actions": {
                "Zaznam": {
                  "runAfter": {},
                  "metadata": {
                    "operationMetadataId": "5abd8412-7ae0-4e9d-aa8e-63357b9b646a"
                  },
                  "type": "OpenApiConnection",
                  "inputs": {
                    "host": {
                      "apiId": "/providers/Microsoft.PowerApps/apis/shared_commondataserviceforapps",
                      "connectionName": "shared_commondataserviceforapps",
                      "operationId": "ListRecords"
                    },
                    "parameters": {
                      "entityName": "cr26f_dataextracteds",
                      "$select": "cr26f_numbervalue",
                      "$filter": "_cr26f_device_value eq '@{items('Apply_to_each_2')?['cr26f_deviceid']}'",
                      "$orderby": "cr26f_extractiontime desc",
                      "$top": 1
                    },
                    "authentication": "@parameters('$authentication')"
                  }
                },
                "Apply_to_each_3": {
                  "foreach": "@outputs('Zaznam')?['body/value']",
                  "actions": {
                    "Append_to_string_variable": {
                      "runAfter": {},
                      "metadata": {
                        "operationMetadataId": "2de506a2-acba-450c-b8ab-b02a1460cc68"
                      },
                      "type": "AppendToStringVariable",
                      "inputs": {
                        "name": "Email",
                        "value": "  <tr style=\"background-color: #bebebe;\">\n    <td style=\"border: 1px solid #dddddd; text-align: left; padding: 8px;\">@{items('Apply_to_each_2')?['cr26f_devicename']}</td>\n    <td style=\"border: 1px solid #dddddd; text-align: left; padding: 8px;\">@{items('Apply_to_each_3')?['cr26f_numbervalue']}</td>\n  </tr>"
                      }
                    }
                  },
                  "runAfter": {
                    "Zaznam": [
                      "Succeeded"
                    ]
                  },
                  "metadata": {
                    "operationMetadataId": "53c9790e-12ec-42ec-b10d-6870542d0be1"
                  },
                  "type": "Foreach"
                }
              },
              "runAfter": {
                "Zariadenia": [
                  "Succeeded"
                ]
              },
              "metadata": {
                "operationMetadataId": "8eaaed5c-289b-4de1-8b92-2feb9deab192"
              },
              "type": "Foreach"
            },
            "Send_an_email_(V2)": {
              "runAfter": {
                "Append_to_string_variable_2": [
                  "Succeeded"
                ]
              },
              "metadata": {
                "operationMetadataId": "24853997-fd54-4caf-a001-6bca32f74e92"
              },
              "type": "OpenApiConnection",
              "inputs": {
                "host": {
                  "apiId": "/providers/Microsoft.PowerApps/apis/shared_office365",
                  "connectionName": "shared_office365",
                  "operationId": "SendEmailV2"
                },
                "parameters": {
                  "emailMessage/To": "@items('Apply_to_each')?['emailaddress1']",
                  "emailMessage/Subject": "Denne Info",
                  "emailMessage/Body": "<p>@{variables('Email')}</p>",
                  "emailMessage/Importance": "Normal"
                },
                "authentication": "@parameters('$authentication')"
              }
            },
            "Append_to_string_variable_2": {
              "runAfter": {
                "Apply_to_each_2": [
                  "Succeeded"
                ]
              },
              "metadata": {
                "operationMetadataId": "1bbe4b20-6266-4366-a76b-3604bd61dbbe"
              },
              "type": "AppendToStringVariable",
              "inputs": {
                "name": "Email",
                "value": "</table>\n\n<p style=\"font-family: arial, sans-serif;\">V prípade, že nie je vaše, prosím ignorujte tento e-mail.</p>\n<p style=\"font-family: arial, sans-serif;\">S pozdravom, Diplomovka.</p>\n</body>\n</html>"
              }
            },
            "Set_variable": {
              "runAfter": {
                "Send_an_email_(V2)": [
                  "Succeeded"
                ]
              },
              "metadata": {
                "operationMetadataId": "5665557c-478f-47fe-a0fb-c4b530bfa561"
              },
              "type": "SetVariable",
              "inputs": {
                "name": "Email",
                "value": "\"\""
              }
            },
            "Pripojiť_k_premennej_reťazca": {
              "runAfter": {},
              "metadata": {
                "operationMetadataId": "0bd5bee8-e2a6-41d2-9539-a08271218b1a"
              },
              "type": "AppendToStringVariable",
              "inputs": {
                "name": "Email",
                "value": "<html>\n<head>\n<style>\ntable {\n    font-family: arial, sans-serif;\n    border-collapse: collapse;\n}\n\ntd, th {\n    border: 1px solid #dddddd;\n    text-align: left;\n    padding: 8px;\n}\nth {\n    background-color: #0099FF;\n}\n</style>\n</head>\n<body style=\"font-family: arial, sans-serif;\">\n<p style=\"font-family: arial, sans-serif;\">Dobrý deň </p>\n<p style=\"font-family: arial, sans-serif;\">Posielame denný report</p>\n\n<table>\n  <tr>\n    <th style=\"border: 1px solid #dddddd; text-align: left; padding: 8px; background-color: #0099FF;\">Názov zariadenia</th>\n    <th style=\"border: 1px solid #dddddd; text-align: left; padding: 8px; background-color: #0099FF;\">Hodnota</th>\n  </tr>"
              }
            },
            "Zariadenia": {
              "runAfter": {
                "Pripojiť_k_premennej_reťazca": [
                  "Succeeded"
                ]
              },
              "metadata": {
                "operationMetadataId": "6221f453-f527-41fc-a4d9-579f6b7f1be4"
              },
              "type": "OpenApiConnection",
              "inputs": {
                "host": {
                  "apiId": "/providers/Microsoft.PowerApps/apis/shared_commondataserviceforapps",
                  "connectionName": "shared_commondataserviceforapps",
                  "operationId": "ListRecords"
                },
                "parameters": {
                  "entityName": "cr26f_devices",
                  "$filter": "_cr26f_contact_value eq '@{items('Apply_to_each')?['contactid']}'"
                },
                "authentication": "@parameters('$authentication')"
              }
            }
          },
          "runAfter": {
            "Initialize_variable_2": [
              "Succeeded"
            ]
          },
          "metadata": {
            "operationMetadataId": "17a59e04-63d3-4e37-b9ef-41b8e903a473"
          },
          "type": "Foreach"
        },
        "Useri": {
          "runAfter": {},
          "metadata": {
            "operationMetadataId": "85ccb831-8c87-4e76-8e6a-5c087156563c"
          },
          "type": "OpenApiConnection",
          "inputs": {
            "host": {
              "apiId": "/providers/Microsoft.PowerApps/apis/shared_commondataserviceforapps",
              "connectionName": "shared_commondataserviceforapps",
              "operationId": "ListRecords"
            },
            "parameters": {
              "entityName": "contacts"
            },
            "authentication": "@parameters('$authentication')"
          }
        },
        "Initialize_variable_2": {
          "runAfter": {
            "Useri": [
              "Succeeded"
            ]
          },
          "metadata": {
            "operationMetadataId": "79f42571-840a-4e97-a000-b38599218b1d"
          },
          "type": "InitializeVariable",
          "inputs": {
            "variables": [
              {
                "name": "Email",
                "type": "string"
              }
            ]
          }
        }
      }
    },
    "templateName": null
  },
  "schemaVersion": "1.0.0.0"
}