{
  "properties": {
    "connectionReferences": {
      "shared_commondataserviceforapps": {
        "impersonation": {},
        "runtimeSource": "embedded",
        "connection": {
          "connectionReferenceLogicalName": "cr26f_sharedcommondataserviceforapps_0f749"
        },
        "api": {
          "name": "shared_commondataserviceforapps"
        }
      },
      "shared_office365": {
        "runtimeSource": "embedded",
        "connection": {
          "connectionReferenceLogicalName": "cr26f_sharedoffice365_08dcf"
        },
        "api": {
          "name": "shared_office365"
        }
      }
    },
    "definition": {
      "$schema": "https://schema.management.azure.com/providers/Microsoft.Logic/schemas/2016-06-01/workflowdefinition.json#",
      "contentVersion": "1.0.0.0",
      "parameters": {
        "$connections": {
          "defaultValue": {},
          "type": "Object"
        },
        "$authentication": {
          "defaultValue": {},
          "type": "SecureObject"
        }
      },
      "triggers": {
        "Pridanie_noveho_zariadenia": {
          "metadata": {
            "operationMetadataId": "e5361711-570e-4aa0-b386-d174ddf6a36c"
          },
          "type": "OpenApiConnectionWebhook",
          "inputs": {
            "host": {
              "apiId": "/providers/Microsoft.PowerApps/apis/shared_commondataserviceforapps",
              "connectionName": "shared_commondataserviceforapps",
              "operationId": "SubscribeWebhookTrigger"
            },
            "parameters": {
              "subscriptionRequest/message": 1,
              "subscriptionRequest/entityname": "cr26f_device",
              "subscriptionRequest/scope": 1
            },
            "authentication": "@parameters('$authentication')"
          }
        }
      },
      "actions": {
        "Get_User": {
          "runAfter": {},
          "metadata": {
            "operationMetadataId": "fb1ac217-0f5a-4b15-8833-f523055216af"
          },
          "type": "OpenApiConnection",
          "inputs": {
            "host": {
              "apiId": "/providers/Microsoft.PowerApps/apis/shared_commondataserviceforapps",
              "connectionName": "shared_commondataserviceforapps",
              "operationId": "GetItem"
            },
            "parameters": {
              "entityName": "contacts",
              "recordId": "@triggerOutputs()?['body/_cr26f_contact_value']"
            },
            "authentication": "@parameters('$authentication')"
          }
        },
        "Send_an_email_(V2)": {
          "runAfter": {
            "Initialize_variable": [
              "Succeeded"
            ]
          },
          "metadata": {
            "operationMetadataId": "3f681cd0-5011-421c-8496-586736f6aa9e"
          },
          "type": "OpenApiConnection",
          "inputs": {
            "host": {
              "apiId": "/providers/Microsoft.PowerApps/apis/shared_office365",
              "connectionName": "shared_office365",
              "operationId": "SendEmailV2"
            },
            "parameters": {
              "emailMessage/To": "@outputs('Get_User')?['body/emailaddress1']",
              "emailMessage/Subject": "Nové zariadenie",
              "emailMessage/Body": "<p>@{variables('emailBody')}</p>",
              "emailMessage/Importance": "Normal"
            },
            "authentication": "@parameters('$authentication')"
          }
        },
        "Initialize_variable": {
          "runAfter": {
            "Get_User": [
              "Succeeded"
            ]
          },
          "metadata": {
            "operationMetadataId": "e4aae844-d25a-48b9-a224-551a31669551"
          },
          "type": "InitializeVariable",
          "inputs": {
            "variables": [
              {
                "name": "emailBody",
                "type": "string",
                "value": "<html>\n<head>\n<style>\ntable {\n    font-family: arial, sans-serif;\n    border-collapse: collapse;\n}\n\ntd, th {\n    border: 1px solid #dddddd;\n    text-align: left;\n    padding: 8px;\n}\nth {\n    background-color: #0099FF;\n}\n</style>\n</head>\n<body style=\"font-family: arial, sans-serif;\">\n<p style=\"font-family: arial, sans-serif;\">Dobrý deň @{outputs('Get_User')?['body/firstname']} @{outputs('Get_User')?['body/lastname']},</p>\n<p style=\"font-family: arial, sans-serif;\">práve ste pridali nové zariadenie.</p>\n\n<table>\n  <tr>\n    <th style=\"border: 1px solid #dddddd; text-align: left; padding: 8px; background-color: #0099FF;\">Názov zariadenia</th>\n    <th style=\"border: 1px solid #dddddd; text-align: left; padding: 8px; background-color: #0099FF;\">ID zariadenia</th>\n    <th style=\"border: 1px solid #dddddd; text-align: left; padding: 8px; background-color: #0099FF;\">Adresa</th>\n  </tr>\n  <tr style=\"background-color: #bebebe;\">\n    <td style=\"border: 1px solid #dddddd; text-align: left; padding: 8px;\">@{triggerOutputs()?['body/cr26f_devicename']}</td>\n    <td style=\"border: 1px solid #dddddd; text-align: left; padding: 8px;\">@{triggerOutputs()?['body/cr26f_iddevice']}</td>\n    <td style=\"border: 1px solid #dddddd; text-align: left; padding: 8px;\">@{triggerOutputs()?['body/cr26f_address']}</td>\n  </tr>\n</table>\n\n<p style=\"font-family: arial, sans-serif;\">V prípade, že nie je vaše, prosím ignorujte tento e-mail.</p>\n<p style=\"font-family: arial, sans-serif;\">S pozdravom, Diplomovka.</p>\n</body>\n</html>"
              }
            ]
          }
        }
      }
    },
    "templateName": null
  },
  "schemaVersion": "1.0.0.0"
}